Radius_mm,Speed_mms,Ext_O2,Ext_NO3,Lifespan_Days,Initial_POC_mmol,N2O_Total_mmol_lifetime,N2_Total_mmol_lifetime,Avg_Anoxic_Core_Frac,N2O_Internal_mmol_lifetime,N2O_Plume_mmol_lifetime,N2O_Yield_per_C,Frac_Oxic_Core,Frac_Den1_Core,Frac_Den2_Core,Frac_Den3_Core,Frac_Oxic_Plume,Frac_Den1_Plume,Frac_Den2_Plume,Frac_Den3_Plume,Plume_N2O_Ammox,Plume_N2O_Denit,Internal_N2O_Ammox,Internal_N2O_Denit,O2_Flux_In_mmol_lifetime,NO3_Flux_In_mmol_lifetime,DOC_Leakage_mmol_lifetime,Oxic_Total,Denit1_Total,Denit2_Total,Denit3_Total
0.1,0.6059303147343966,1.0,10.0,92.10340371976181,1.3614761764705882e-05,-1.5213791115797903e-08,7.290867642950616e-08,1.0,-4.332676717400119e-10,-1.4775848100612166e-08,-0.08978004933403912,0.047387222224340685,0.35605492351902057,0.3717168675298192,0.22484098672681957,0.1053051199095713,0.40217065609144836,0.3014403190279671,0.1910839049710133,2.751339954476517e-12,-1.4778277268590045e-08,8.216117944413043e-14,-4.333470804418482e-10,2.810755517224095e-10,3.940132220492387e-09,1.3607392247649841e-05,1.755480977250201e-08,6.791775819525725e-08,5.143012327124552e-08,3.254782243722332e-08
0.1,0.6059303147343966,2.0,10.0,92.10340371976181,1.3614761764705882e-05,-1.57135211509285e-08,7.156764070259669e-08,0.9971045255661011,-4.5220799327339023e-10,-1.5262356711787106e-08,-0.08684284372853945,0.10063594369779293,0.3393119328142808,0.34805752695755804,0.2119945965303682,0.188390011201646,0.3625561718710181,0.2733387167439184,0.17571510018341757,2.328263233250527e-12,-1.5264793873370763e-08,8.261426075574854e-14,-4.522891228209147e-10,6.354871628921899e-10,4.0024334957422525e-09,1.3607025721285027e-05,3.361648232003134e-08,6.54740271999188e-08,4.985575485783045e-08,3.1986764126301637e-08
0.1,0.6059303147343966,3.0,10.0,92.10340371976181,1.3614761764705882e-05,-1.6443649997199827e-08,7.080124930780585e-08,0.9607683420181274,-4.801364306139533e-10,-1.5963426136522685e-08,-0.08563840640725512,0.15207393029280908,0.3215395274471866,0.32578002730527966,0.2006065149547246,0.25600016767228717,0.329446980104249,0.25070952725302104,0.1638433249704428,2.0854544219989224e-12,-1.5965474275958513e-08,7.992064177337124e-14,-4.802159225825164e-10,1.020944551122227e-09,4.034091283244834e-09,1.3606655556941405e-05,4.855945828774466e-08,6.321072254511506e-08,4.856706770084429e-08,3.166917028618599e-08
0.1,0.6059303147343966,4.0,10.0,92.10340371976181,1.3614761764705882e-05,-1.7534796725726665e-08,7.063193407930157e-08,0.9136131405830383,-5.255800794579102e-10,-1.7010794550742503e-08,-0.08639812341478488,0.19935189065805925,0.3036399535692213,0.30551290988499097,0.1914952458877285,0.3121381430784305,0.3015159339363577,0.23169077814390285,0.1546551448413089,1.926535537002949e-12,-1.7012501629665167e-08,7.688633258708111e-14,-5.256555191124335e-10,1.4202220510739494e-09,4.046361912202201e-09,1.3606282664113678e-05,6.265982521735936e-08,6.120439233203712e-08,4.747060977638995e-08,3.161115647021262e-08
0.1,0.6059303147343966,5.0,10.0,92.10340371976181,1.3614761764705882e-05,-1.7993826872952923e-08,6.99935327475032e-08,0.8740969300270081,-5.430260685557187e-10,-1.7452453704436266e-08,-0.0843219316082962,0.2426920397297557,0.2873206308725732,0.2881478040974641,0.18183952530020697,0.360166801892218,0.27828948035977136,0.21577546083492663,0.14576825691308404,1.8133439628337245e-12,-1.7454262035698775e-08,7.410942654906619e-14,-5.430941252271282e-10,1.82495429879026e-09,4.050385804532652e-09,1.3605916137748864e-05,7.609555008336599e-08,5.944119230161249e-08,4.651072049721705e-08,3.133776282915335e-08
0.1,0.6059303147343966,7.5,10.0,92.10340371976181,1.3614761764705882e-05,-1.9045382160243207e-08,6.877268532434755e-08,0.8106085658073425,-6.190546963935617e-10,-1.8428163883754678e-08,-0.07979450527571504,0.33322864070469843,0.25149275675912264,0.2517552799384494,0.16352332259772953,0.4541012153085446,0.23349070040787803,0.18441219125071057,0.12799589303286685,1.6326216637288504e-12,-1.8429602732794592e-08,6.868438380980973e-14,-6.191144263922865e-10,2.836264556549395e-09,4.055732194530037e-09,1.3604978448711336e-05,1.0748840528762571e-07,5.5860653436212715e-08,4.451144497430448e-08,3.0811451834367176e-08
0.1,0.6059303147343966,10.0,10.0,92.10340371976181,1.3614761764705882e-05,-1.9358393998913925e-08,6.725193202328228e-08,0.7698752880096436,-6.810773056642461e-10,-1.8679568114521317e-08,-0.07369752964859898,0.40437279851657143,0.2233839528150377,0.2236254090677916,0.14861783960059927,0.5236342192013175,0.20140301453309015,0.16131664756398265,0.11364611870160972,1.5241523321218864e-12,-1.8680935909287655e-08,6.491688968063986e-14,-6.811288755237399e-10,3.846921892147748e-09,4.060391134430574e-09,1.3604051673610229e-05,1.3654779196237143e-07,5.308372286183527e-08,4.288973642907479e-08,3.014125427025505e-08
0.1,0.6059303147343966,12.5,10.0,92.10340371976181,1.3614761764705882e-05,-2.0824405311259397e-08,6.716856404409555e-08,0.7399749755859375,-7.509265431693279e-10,-2.0075711759659498e-08,-0.07272604801310847,0.4611430774691052,0.200803014739269,0.20104182104788262,0.13701208674374313,0.5760543336095489,0.17671778177097958,0.14312252714049145,0.10410535747898007,1.4508586389586076e-12,-2.0076935669521845e-08,6.217145261068133e-14,-7.509842192554572e-10,4.857572122318743e-09,4.064564240735535e-09,1.3603127626993228e-05,1.6387916268456593e-07,5.0822129504801694e-08,4.151555554887665e-08,3.011259386287435e-08
0.1,0.6059303147343966,15.0,10.0,92.10340371976181,1.3614761764705882e-05,-2.170827073655346e-08,6.670759233884382e-08,0.7163594961166382,-8.082262081821057e-10,-2.0901328667832786e-08,-0.07025195269026083,0.5078079065892421,0.18246332126629836,0.18268946764790275,0.12703930449655682,0.6180193240818685,0.15749243769935858,0.12871255905414616,0.09577567916462669,1.397574872670504e-12,-2.0902511721487826e-08,6.00766317119042e-14,-8.082807201326148e-10,5.8678244485577125e-09,4.068364756193432e-09,1.36021899379557e-05,1.8984371719099613e-07,4.891828264685927e-08,4.032046474478079e-08,2.991213843284157e-08
0.1,0.6059303147343966,22.5,10.0,92.10340371976181,1.3614761764705882e-05,-2.418515343549643e-08,6.595425361410889e-08,0.6658226251602173,-1.0075154044386636e-09,-2.3181151220796892e-08,-0.06480111742287947,0.6070949472786663,0.14310569463335476,0.14327137502872442,0.10652798305925447,0.7044192170992719,0.11851058287430224,0.09877793789250514,0.07829226213392067,1.2986002247486472e-12,-2.3182300523671984e-08,5.5951432180977034e-14,-1.007560368471161e-09,8.896975600691803e-09,4.078366977466885e-09,1.3599380508821923e-05,2.616397578592e-07,4.454929247721395e-08,3.744278809225676e-08,2.9586303407214132e-08
0.1,0.6059303147343966,37.5,10.0,92.10340371976181,1.3614761764705882e-05,-2.7246247924495037e-08,6.453967671404826e-08,0.6047330498695374,-1.3374320539938367e-09,-2.5909795198231222e-08,-0.05578865519517024,0.7170070820279912,0.10020426346227741,0.10026761994723353,0.08252103456249782,0.7955337030536623,0.07884555164903105,0.06723434889183448,0.058386396405472184,1.2073164733575337e-12,-2.591072068014455e-08,5.184840797260899e-14,-1.3374646945507607e-09,1.495324397637887e-08,4.0944012624777315e-09,1.3593798939837143e-05,3.87077209396125e-07,3.8903855359428974e-08,3.3449561565035424e-08,2.8963219267374996e-08
0.1,0.6059303147343966,50.0,10.0,92.10340371976181,1.3614761764705882e-05,-2.961171041704347e-08,6.423552179057879e-08,0.5711488723754883,-1.6228770549631122e-09,-2.7989264239636213e-08,-0.05148087520055104,0.7680856698982254,0.08019356499166391,0.080209905386816,0.07151085972329474,0.8365451848370834,0.061328718434985864,0.05290119515003941,0.049224901577891333,1.16950459733145e-12,-2.79901879451927e-08,5.006461079580006e-14,-1.6229139143675297e-09,2.0002614675718178e-08,4.1052117261131116e-09,1.3589143236458767e-05,4.795989063666184e-07,3.571463735863034e-08,3.106303292366164e-08,2.8831822485031466e-08
0.26,1.0346840531963233,1.0,10.0,92.10340371976181,3.6777511588235307e-05,-3.630598754966741e-08,2.2181608017035614e-07,1.0,-7.353895270512112e-10,-3.5569854617278907e-08,-0.07093723393054323,0.05839893439634426,0.30045521944672815,0.36219937423415843,0.27894647192276917,0.0884268152318053,0.3963565796154298,0.3225239657344705,0.1926926394182944,8.861572066420909e-12,-3.5578626267351865e-08,1.2226079913415676e-15,-7.353905817630846e-10,2.2015275713549443e-10,2.257283027162771e-09,3.6769662983715534e-05,4.515602887444903e-08,2.0253402821523991e-07,1.6520370349493163e-07,9.891245800197623e-08
0.26,1.0346840531963233,2.0,10.0,92.10340371976181,3.6777511588235307e-05,-3.818120575260764e-08,2.1981692555073096e-07,0.9995456337928772,-7.639093246858408e-10,-3.7417272835682525e-08,-0.06972509803376081,0.10914556429972573,0.2807985047951107,0.3436332918636362,0.2664226390415273,0.16311813928739435,0.3628702081256497,0.2954062016281938,0.17860545095876215,7.9664530180934e-12,-3.742544052443009e-08,1.5364257573654053e-15,-7.639105459311679e-10,4.4182607572551547e-10,2.2661081899855162e-09,3.6769422877114266e-05,8.912696164431466e-08,1.984083296546757e-07,1.619379449424585e-07,9.81220005247252e-08
0.26,1.0346840531963233,3.0,10.0,92.10340371976181,3.6777511588235307e-05,-4.001917019991197e-08,2.1833041330410197e-07,0.9993742108345032,-7.863721340761742e-10,-3.9232666892985435e-08,-0.06871408131518825,0.15362433285627633,0.2638462037319248,0.32762254535990365,0.25490691805189525,0.22628455758847546,0.33401037831037994,0.2728266128528597,0.16687845124828488,7.406693314226942e-12,-3.9240013904873194e-08,2.083105797841896e-15,-7.863733553215013e-10,6.645679007100114e-10,2.276185240290829e-09,3.676919368444942e-05,1.315067063023534e-07,1.9425605723988326e-07,1.5910708472954838e-07,9.753158469738565e-08
0.26,1.0346840531963233,4.0,10.0,92.10340371976181,3.6777511588235307e-05,-4.094074412819282e-08,2.1633989888414362e-07,0.9992318153381348,-8.060354050876128e-10,-4.0134985113127186e-08,-0.0664423243151591,0.19290392093832903,0.24903086714153141,0.313587970779943,0.24447724114019653,0.28053152531687753,0.3093817659145234,0.25375175128201743,0.15633495748658166,7.014970201946191e-12,-4.0141507895441464e-08,2.9430919964420826e-15,-8.060382916674769e-10,8.882667934528854e-10,2.287499745179389e-09,3.676895721582696e-05,1.7249709843847327e-07,1.9038676102312024e-07,1.5660469421252543e-07,9.669494394071165e-08
0.26,1.0346840531963233,5.0,10.0,92.10340371976181,3.6777511588235307e-05,-4.343182524735312e-08,2.1621914925162855e-07,0.9991200566291809,-8.333064238641441e-10,-4.2598962579631916e-08,-0.06680186995392,0.22758937415660635,0.2357517233431916,0.30087457249322097,0.23578433000698107,0.32719210976459695,0.2877246703300609,0.23696712876511045,0.14811609114023172,6.718286951062913e-12,-4.2606128403122057e-08,4.146831481850613e-15,-8.333102541335791e-10,1.1128543642158206e-09,2.300175605540744e-09,3.676871710922569e-05,2.1228972946207847e-07,1.8683854230427954e-07,1.5434631939204024e-07,9.668331768519778e-08
0.26,1.0346840531963233,7.5,10.0,92.10340371976181,3.6777511588235307e-05,-4.7272795455910455e-08,2.1445991649216012e-07,0.9988934993743896,-8.749980184852291e-10,-4.639794326521951e-08,-0.06457720341864041,0.29973648186710716,0.20922282311969773,0.2752180649060745,0.2158226301071207,0.4208182676355587,0.24497924342452704,0.20368883009554056,0.13051365884437371,6.202456083459484e-12,-4.640395445676404e-08,8.572098787089713e-15,-8.75006400669065e-10,1.6786618761699401e-09,2.3391193426647305e-09,3.6768135032616556e-05,3.074456396134906e-07,1.7915391925527047e-07,1.4946695547912725e-07,9.596934769096066e-08
0.26,1.0346840531963233,10.0,10.0,92.10340371976181,3.6777511588235307e-05,-5.090922883255189e-08,2.1342894740428164e-07,0.9987053871154785,-9.252419386207578e-10,-4.998407732159649e-08,-0.06275261018260242,0.3555495750779042,0.18909000057191735,0.2548322328872482,0.20052819146293022,0.4910506143738805,0.21308071430817432,0.17866535151466587,0.11720331980327935,5.862304999076917e-12,-4.998983627046982e-08,1.4570716662842993e-14,-9.252564270312291e-10,2.2520187936692082e-09,2.391344455787703e-09,3.6767534766113386e-05,3.976038740471921e-07,1.7272937780088427e-07,1.4537855497209762e-07,9.555701063757027e-08
0.26,1.0346840531963233,12.5,10.0,92.10340371976181,3.6777511588235307e-05,-5.499608590753269e-08,2.135161167871047e-07,0.9985477924346924,-9.742278095359325e-10,-5.402365843565349e-08,-0.0619017413143023,0.4001025894588842,0.17382913305380218,0.23819003950315457,0.187878237984159,0.5454806564067243,0.18835270390655934,0.15910375805789725,0.10706288162881912,5.617599701385201e-12,-5.402904079687687e-08,2.1562111362886938e-14,-9.742509021748447e-10,2.8362161508255213e-09,2.460361026024316e-09,3.676693086163141e-05,4.837022680170833e-07,1.6724777673893243e-07,1.4185733754334962e-07,9.56331150936407e-08
0.26,1.0346840531963233,15.0,10.0,92.10340371976181,3.6777511588235307e-05,-5.792717416852611e-08,2.129329885747211e-07,0.9983968138694763,-1.0167281461193056e-09,-5.690910143130168e-08,-0.06014720922526766,0.43680665542534064,0.16228110204838417,0.22414615193864276,0.17676609058763246,0.589253372634614,0.16878036803344887,0.14348464037991937,0.0984816189520178,5.43353773432842e-12,-5.6914913670880196e-08,2.908901215064631e-14,-1.0167579000963656e-09,3.4360032596936207e-09,2.5484254706498177e-09,3.676631604321301e-05,5.664261253368608e-07,1.6250429879516304e-07,1.3875758841930264e-07,9.539898393473578e-08
0.26,1.0346840531963233,22.5,10.0,92.10340371976181,3.6777511588235307e-05,-6.724192758156278e-08,2.1358013668759668e-07,0.9980234503746033,-1.1163698854232962e-09,-6.612462755128945e-08,-0.057139298584989874,0.5195608214037736,0.14111099789803172,0.19028532965902392,0.14904285103917075,0.6800281967007747,0.12839241327970494,0.11075959162473806,0.08081979839478232,5.076394599817791e-12,-6.612972924813221e-08,5.1940856536604116e-14,-1.116422398972361e-09,5.388938628669848e-09,2.916711094869129e-09,3.67644133802969e-05,7.987683949828295e-07,1.512112798307541e-07,1.3108238317016685e-07,9.574390602562488e-08
0.26,1.0346840531963233,37.5,10.0,92.10340371976181,3.6777511588235307e-05,-8.209619295485027e-08,2.1611970169033157e-07,0.9930263757705688,-1.2488778899921726e-09,-8.084749225645282e-08,-0.05239254759454882,0.6334988046616313,0.11682353661348265,0.14066356200330313,0.10901409672158291,0.775959023606906,0.08655104254498866,0.07606534655678586,0.06142458729131944,4.735942107231272e-12,-8.085292080295403e-08,8.76915049905988e-14,-1.2489547174254767e-09,1.0263296879031714e-08,3.736758902306292e-09,3.676020060083829e-05,1.2138204645850692e-06,1.36059881361561e-07,1.2012714645237565e-07,9.693919689190977e-08
0.26,1.0346840531963233,50.0,10.0,92.10340371976181,3.6777511588235307e-05,-9.362219799413651e-08,2.2008354960689758e-07,0.9823383092880249,-1.344720446105896e-09,-9.227475317175049e-08,-0.05019803841022738,0.7005265182030347,0.09941013489233416,0.11261648786342733,0.08744685904120385,0.8192772175276646,0.06788818792755134,0.060251926450231474,0.05258266809455259,4.597053206850665e-12,-9.2279393015815e-08,1.064540708188566e-13,-1.3448295810292166e-09,1.5203038827849014e-08,4.2290504431719e-09,3.675629704957828e-05,1.525685962455725e-06,1.2722603326409399e-07,1.1338835870233765e-07,9.874537132414929e-08
0.41,1.335308583145799,1.0,10.0,92.10340371976181,5.90616095122549e-05,-7.79624400593093e-08,3.986217507190304e-07,1.0,-1.7690834352990237e-09,-7.619332365038645e-08,-0.09048979483310851,0.06414145576915399,0.3279158895125375,0.3354680948936071,0.2724745598247014,0.08004188023330268,0.382458327360673,0.33161266355534746,0.2058871288506769,1.3744711965801848e-11,-7.620711528488755e-08,3.3589231283805577e-15,-1.7690867659680976e-09,5.438146044589587e-10,5.535886415941604e-09,5.9053687436971813e-05,6.884048908695206e-08,3.290981285264394e-07,2.857344103546211e-07,1.7788985440247984e-07
0.41,1.335308583145799,2.0,10.0,92.10340371976181,5.90616095122549e-05,-8.23897963186937e-08,3.989542847193661e-07,0.9994462728500366,-1.8321575367963305e-09,-8.05576405582542e-08,-0.08924151096323758,0.1202953264184715,0.30704021795694236,0.3142255966395361,0.25843885898505004,0.1493594964904884,0.3523766824263281,0.30581179566172445,0.19245202542145903,1.218375920986059e-11,-8.056998979100172e-08,3.446782891383931e-15,-1.8321610895100093e-09,1.0910798931007548e-09,5.547637460523447e-09,5.905315265408717e-05,1.3765613215976913e-07,3.2495418444966617e-07,2.824009226465307e-07,1.782121110682766e-07
0.41,1.335308583145799,3.0,10.0,92.10340371976181,5.90616095122549e-05,-8.295310038874959e-08,3.9602801393812115e-07,0.999222993850708,-1.8891159747624897e-09,-8.106398752261157e-08,-0.08447205457005641,0.16981013582828836,0.28875494598752594,0.2956019591326711,0.24583295905151456,0.20903687841693863,0.3267528659923364,0.2845327297143858,0.1796775258763392,1.125689732400792e-11,-8.10751927815545e-08,3.4788517705252155e-15,-1.8891193054315636e-09,1.64055113938133e-09,5.55947643476884e-09,5.905261787120253e-05,2.0493880781291551e-07,3.2054886034416086e-07,2.795125486620975e-07,1.7701946486425868e-07
0.41,1.335308583145799,4.0,10.0,92.10340371976181,5.90616095122549e-05,-8.809803375697811e-08,3.9812064756006293e-07,0.99906325340271,-1.943471161780508e-09,-8.615460700411859e-08,-0.08454288744434448,0.21377673052760382,0.2725642639740267,0.2791089385553832,0.23455006694298625,0.26016341148612837,0.30388976815218555,0.26565138849021225,0.17029543187147386,1.0643129606802137e-11,-8.616535751571064e-08,3.5076239974357864e-15,-1.9434747144941866e-09,2.191749448599012e-09,5.571076489019333e-09,5.905207945033908e-05,2.7067813523906636e-07,3.163817678952796e-07,2.769468154806276e-07,1.7804751339944858e-07
0.41,1.335308583145799,5.0,10.0,92.10340371976181,5.90616095122549e-05,-9.290517510862628e-08,4.001887816684757e-07,0.9989248514175415,-1.9971855280687123e-09,-9.090802421951594e-08,-0.08436372611689191,0.2530584864198898,0.25810865572523833,0.26438298462692594,0.2244498732279459,0.30468302015137866,0.28404888703749115,0.2492377869765558,0.16203030583457437,1.0206421645342356e-11,-9.091800734495337e-08,3.539554386690195e-15,-1.997189080782391e-09,2.7444049255365144e-09,5.582332818221403e-09,5.9051548305433244e-05,3.3502962959452987e-07,3.1255606325331087e-07,2.746198872749517e-07,1.7904247462396938e-07
0.41,1.335308583145799,7.5,10.0,92.10340371976181,5.90616095122549e-05,-1.00170190364679e-07,4.015593617623381e-07,0.9986361265182495,-2.1121786542011023e-09,-9.805807366092267e-08,-0.08048728600478536,0.3353055170403274,0.22812277058036276,0.23382482128430765,0.20274689109500224,0.39493724354457743,0.2447023761671162,0.21643414262882935,0.14392623765947699,9.513220072809858e-12,-9.806739598161585e-08,3.633716286579377e-15,-2.112182428959386e-09,4.1314303089734494e-09,5.608910225163299e-09,5.905021680518985e-05,4.908574244844033e-07,3.0435945941320597e-07,2.6955387566474087e-07,1.797725530661154e-07
0.41,1.335308583145799,10.0,10.0,92.10340371976181,5.90616095122549e-05,-1.0611204004362662e-07,4.0250750998893636e-07,0.9984067678451538,-2.202541704576788e-09,-1.0390945703875332e-07,-0.07667430763457682,0.40061492969675006,0.20463645923433238,0.2098682209169729,0.18488039015194466,0.46361432349147064,0.2151422550856246,0.19147489847981022,0.12976852294309457,9.10856893382439e-12,-1.0391824645239467e-07,3.7405334939752486e-15,-2.202545479335072e-09,5.524987134464254e-09,5.633530530957387e-09,5.904889985686168e-05,6.408310966321551e-07,2.9761223552249305e-07,2.652158297422602e-07,1.802727704891538e-07
0.41,1.335308583145799,12.5,10.0,92.10340371976181,5.90616095122549e-05,-1.181536646299719e-07,4.101585204807634e-07,0.9982021450996399,-2.2919204312188413e-09,-1.158618587737692e-07,-0.07757449939812602,0.4535950481951101,0.18560071288956587,0.1904382889489847,0.17036594996633936,0.5166891121103923,0.19167606164193393,0.17143686246157283,0.120197963786101,8.845014998204448e-12,-1.1587054160600019e-07,3.853972381436281e-15,-2.29192398393252e-09,6.924189666079883e-09,5.6567581729893845e-09,5.904757199459709e-05,7.861042004009278e-07,2.91858333945072e-07,2.6137555675376234e-07,1.8376060029190455e-07
0.41,1.335308583145799,15.0,10.0,92.10340371976181,5.90616095122549e-05,-1.250781167527748e-07,4.1310039478048566e-07,0.9980334043502808,-2.3764419321281594e-09,-1.227024029049062e-07,-0.0754754126318626,0.4975063629116336,0.16987631004936196,0.17438191640066752,0.1582354106383369,0.5601901741794497,0.17308720229165486,0.15544005652431145,0.11128256700458394,8.661381507846233e-12,-1.2271178206901823e-07,3.9701823371842554e-15,-2.376445706886443e-09,8.32846414056121e-09,5.678707282186224e-09,5.904624777031131e-05,9.274070773557241e-07,2.8679239361117936e-07,2.5788031687845603e-07,1.8512323340935666e-07
0.41,1.335308583145799,22.5,10.0,92.10340371976181,5.90616095122549e-05,-1.483136315982847e-07,4.2597551441758696e-07,0.997567355632782,-2.6282214182771213e-09,-1.4568499295819493e-07,-0.072471275203532,0.5932319871008919,0.13561495871633164,0.1393859750734921,0.13176707910928442,0.6516798657017496,0.1339832067469748,0.12137446612095643,0.09296246143031915,8.360779950311592e-12,-1.4569363315786177e-07,4.3205884325185715e-15,-2.62822585916922e-09,1.2568168727966622e-08,5.738681529976475e-09,5.9042253269581124e-05,1.3325594432345156e-06,2.742293312429922e-07,2.487368828685277e-07,1.9098678727402785e-07
0.41,1.335308583145799,37.5,10.0,92.10340371976181,5.90616095122549e-05,-1.8529152612245525e-07,4.4675633148472116e-07,0.9968160390853882,-3.069925869070289e-09,-1.822216830760226e-07,-0.06685537439861229,0.7019908462735531,0.09706515567788646,0.09997940271180554,0.1009645953367549,0.7512669664476648,0.09229889198895112,0.08440716322047209,0.07202697834291202,8.167250729884667e-12,-1.822298116849197e-07,4.990125625675733e-15,-3.0699305320069925e-09,2.1151008056108367e-08,5.842718753257259e-09,5.9034220612375066e-05,2.0808287235496437e-06,2.5593840691229275e-07,2.343585159270134e-07,2.004079495687705e-07
0.41,1.335308583145799,50.0,10.0,92.10340371976181,5.90616095122549e-05,-2.101726295222761e-07,4.608380379522714e-07,0.9963053464889526,-3.399201586873346e-09,-2.067735778155111e-07,-0.06302137915757638,0.7543249005135966,0.07871547960819118,0.08119047227357534,0.08576914760463693,0.7977602695002386,0.07323875410414916,0.06724435212173038,0.061756624273881795,8.152864668098392e-12,-2.0678102430338186e-07,5.508926529605414e-15,-3.399207360033074e-09,2.8395239937140104e-08,5.920211876286885e-09,5.902747216168791e-05,2.6590143100690966e-06,2.44431919815824e-07,2.2472719440891353e-07,2.067661712956692e-07
0.57,1.6058781906016286,1.0,10.0,92.10340371976181,8.319934085294116e-05,-1.4434898787385464e-07,5.890543093300948e-07,1.0,-3.380743018865928e-09,-1.4096812606112508e-07,-0.12110328267505034,0.06420100220361591,0.3281769739576926,0.3357025405224337,0.2719194833162578,0.07495920876528547,0.3728867950304721,0.3322451747971917,0.21990882140705073,2.003660085070358e-11,-1.4098790757088864e-07,7.555897266642731e-15,-3.3807507904271006e-09,1.047619213601081e-09,1.0655112347990325e-08,8.318344771396369e-05,8.919100302762217e-08,4.4381178110342034e-07,3.9607162083399317e-07,2.6288022514364684e-07
0.57,1.6058781906016286,2.0,10.0,92.10340371976181,8.319934085294116e-05,-1.495357793146468e-07,5.901081863157742e-07,0.9993392825126648,-3.5094276373826006e-09,-1.4602628084503522e-07,-0.11715407508641615,0.12037584618462266,0.30720837735584033,0.31435607829490303,0.258059698164634,0.14130255480342108,0.3450948391766875,0.30771575410129365,0.2058868519185978,1.7614961572709475e-11,-1.460443144196688e-07,7.761001212622676e-15,-3.509434964854563e-09,2.101685714350765e-09,1.0677655204460734e-08,8.31824290798977e-05,1.800323008449567e-07,4.3988878450917923e-07,3.928736629355001e-07,2.6361019100917815e-07
0.57,1.6058781906016286,3.0,10.0,92.10340371976181,8.319934085294116e-05,-1.562247575748188e-07,5.932693056820426e-07,0.9990825057029724,-3.6290612737133188e-09,-1.5259570318448823e-07,-0.1148549339184036,0.16987042651460565,0.2888237801691716,0.29563374410941906,0.2456720492068037,0.1985132346662345,0.3204660954552448,0.286667587449962,0.19435308242855867,1.619217954162977e-11,-1.5261188934800884e-07,7.841388874481846e-15,-3.629069045274491e-09,3.1597873206834493e-09,1.0700162533794355e-08,8.318139589391649e-05,2.695385485917967e-07,4.3536761085150033e-07,3.9007165231197405e-07,2.652118928914149e-07
0.57,1.6058781906016286,4.0,10.0,92.10340371976181,8.319934085294116e-05,-1.6055993512509303e-07,5.945504426563275e-07,0.9988992214202881,-3.730094899623282e-09,-1.5682978471431852e-07,-0.11134856679040919,0.21386627052793106,0.27264367354216845,0.27916172958257257,0.23432832634732795,0.24830121140209827,0.2992336394066273,0.26866851531903024,0.18379663387224424,1.5249716420195902e-11,-1.5684460663578648e-07,7.914045666631425e-15,-3.730102449139849e-09,4.2209928885483805e-09,1.0721955767678537e-08,8.318035543197766e-05,3.574306286502349e-07,4.310116903383232e-07,3.8759384057840407e-07,2.6592027024818776e-07
0.57,1.6058781906016286,5.0,10.0,92.10340371976181,8.319934085294116e-05,-1.6750321663039358e-07,5.987448616906477e-07,0.9987423419952393,-3.8373144661818515e-09,-1.6366583110993815e-07,-0.10991307395705496,0.2531332281659661,0.25814621286051387,0.26440734112809766,0.22431321784542238,0.29166386508607484,0.28044449542518646,0.252700303571437,0.17519133591730168,1.4573994788769085e-11,-1.636808235616627e-07,7.993661681475646e-15,-3.8373233479660485e-09,5.284791715354231e-09,1.0742912337491362e-08,8.317934407386929e-05,4.437627900699681e-07,4.269686684210683e-07,3.853239607387593e-07,2.6790357399164577e-07
0.57,1.6058781906016286,7.5,10.0,92.10340371976181,8.319934085294116e-05,-1.8298291593055183e-07,6.081962169446342e-07,0.998407244682312,-4.083741345084491e-09,-1.7889914261104423e-07,-0.10610887478236448,0.33520365829050336,0.22800682441131773,0.23372817808999669,0.2030613392081822,0.3796506054760676,0.24266950069208612,0.2203327606943943,0.15734713313745197,1.3507045308613908e-11,-1.789134103091783e-07,8.222130184272654e-15,-4.083749338690268e-09,7.953725678078172e-09,1.079178524321378e-08,8.317677566083148e-05,6.537543133511292e-07,4.181668411540329e-07,3.802446233436285e-07,2.7231485111300913e-07
0.57,1.6058781906016286,10.0,10.0,92.10340371976181,8.319934085294116e-05,-2.0173382608845714e-07,6.216571364348056e-07,0.9981432557106018,-4.282046273118567e-09,-1.9745176871310832e-07,-0.10497893877454431,0.4003053948366879,0.20442734927419343,0.20970677772294866,0.18556047816616997,0.4463793397853673,0.2138856718175052,0.195333970048394,0.1444010183487335,1.2896569229203791e-11,-1.9746411794585583e-07,8.478343251256976e-15,-4.282055154902764e-09,1.0634027880485064e-08,1.0836714636752731e-08,8.317422907566652e-05,8.56691928063924e-07,4.107904181260835e-07,3.7570824051869067e-07,2.7847070027675613e-07
0.57,1.6058781906016286,12.5,10.0,92.10340371976181,8.319934085294116e-05,-2.1325749344214273e-07,6.284649316512514e-07,0.9979071021080017,-4.481387261279224e-09,-2.0877615725112264e-07,-0.10099459200038592,0.4530476044636393,0.18532428302423146,0.19023271302589742,0.17139539948623184,0.4996728793042467,0.19163193651567248,0.17581463984753568,0.13288054433254518,1.249092756311354e-11,-2.087893022917342e-07,8.747019561027199e-15,-4.481396587152631e-09,1.3324130243574928e-08,1.0879008804920431e-08,8.317166066262871e-05,1.0538646559865583e-06,4.0447808080656955e-07,3.7162562938064525e-07,2.8160307374847093e-07
0.57,1.6058781906016286,15.0,10.0,92.10340371976181,8.319934085294116e-05,-2.2821689071861329e-07,6.391124998117448e-07,0.9976966381072998,-4.680424936509553e-09,-2.2353674467012752e-07,-0.09924116793713797,0.496657224253196,0.16953279895780374,0.1741284876230219,0.15968148916597838,0.5425717830931914,0.17352374204694412,0.15978973946956246,0.12411473539030199,1.2199866984696772e-11,-2.2354984707817493e-07,9.022377266685363e-15,-4.68043381829375e-09,1.6022983828634096e-08,1.0918847159757661e-08,8.316911407746375e-05,1.2463768888082427e-06,3.9892222636339625e-07,3.678699465048396e-07,2.864457200324466e-07
0.57,1.6058781906016286,22.5,10.0,92.10340371976181,8.319934085294116e-05,-2.7031526883547485e-07,6.697295020785532e-07,0.9971613883972168,-5.212795084474919e-09,-2.651028410127765e-07,-0.09506081174601506,0.5920220450547965,0.1352837632176556,0.13919069430111303,0.13350349742643486,0.6337419197686015,0.1353598417781153,0.1256509326670309,0.10524730578625233,1.174081578486641e-11,-2.6511395390116377e-07,9.844637041331317e-15,-5.212805298526746e-09,2.41661126665349e-08,1.1027526447549008e-08,8.316143066622317e-05,1.8005854318658976e-06,3.8490760445597516e-07,3.5779810003688794e-07,3.003173270066384e-07
0.57,1.6058781906016286,37.5,10.0,92.10340371976181,8.319934085294116e-05,-3.4014090033451794e-07,7.210517196654109e-07,0.9962992072105408,-6.280539643910288e-09,-3.338604983582627e-07,-0.08806218576140443,0.6995362411234435,0.09667726274650011,0.09979018182870268,0.10399631430135377,0.7340258416265547,0.09426266941099688,0.08823742850791355,0.08347406045453484,1.139627628377049e-11,-3.338720944157103e-07,1.141798210613134e-14,-6.2805525224973735e-09,4.063226199946257e-08,1.1216665818380989e-08,8.314584556501359e-05,2.833375084776435e-06,3.642152810456878e-07,3.4141927462982835e-07,3.2348845557805816e-07
0.57,1.6058781906016286,50.0,10.0,92.10340371976181,8.319934085294116e-05,-3.947128845993575e-07,7.631044240952178e-07,0.9956989884376526,-7.103710952804931e-09,-3.876110952205636e-07,-0.0846550853843417,0.751077895159632,0.07834636886493822,0.08107458046734803,0.08950115550808178,0.7808976453737149,0.07519572233382474,0.0706913917905483,0.07321524050191214,1.1360802056048502e-11,-3.8762303233852435e-07,1.2648014553013828e-14,-7.1037224991243875e-09,5.451688167568136e-08,1.1360319795983287e-08,8.313285070471466e-05,3.6390743289871352e-06,3.508132779828088e-07,3.302826585560581e-07,3.4243500968145213e-07
0.72,1.8303278116493593,1.0,10.0,92.10340371976181,0.00010608057317647056,-2.221694899162685e-07,7.732800781923288e-07,1.0,-5.386163515197495e-09,-2.167830643884372e-07,-0.1499737384115561,0.06423037717785833,0.32825799648129567,0.3355267074860855,0.27198491885476045,0.07115751939823316,0.3655730180842595,0.33099219227115195,0.2322772702463554,2.6933304544951575e-11,-2.1681005080154137e-07,1.3496977888354921e-14,-5.386176837873791e-09,1.6682780712429235e-09,1.6953833892330294e-08,0.00010606116848066449,1.0525161231456082e-07,5.406919445505309e-07,4.90435495770214e-07,3.4501613166426637e-07
0.72,1.8303278116493593,2.0,10.0,92.10340371976181,0.00010608057317647056,-2.312422964223515e-07,7.784279887346202e-07,0.9992676377296448,-5.582879047949518e-09,-2.2565936319551838e-07,-0.14573827609819295,0.12045078165811336,0.30733337870218863,0.3142129696798904,0.25800286995980765,0.13514252627570514,0.33915320683187716,0.307202562267835,0.2185017046245827,2.3512825367277834e-11,-2.256829390034909e-07,1.3898627359415754e-14,-5.582892370625814e-09,3.3464684356943053e-09,1.69888831891285e-08,0.00010605950956232846,2.1406534478352057e-07,5.373431530841799e-07,4.87612145327887e-07,3.4767809253821724e-07
0.72,1.8303278116493593,3.0,10.0,92.10340371976181,0.00010608057317647056,-2.3790552461377956e-07,7.816864808773971e-07,0.9989830851554871,-5.782165857226573e-09,-2.3212341204725817e-07,-0.14083129592990629,0.16995192899911662,0.2888917491606471,0.29543039743755406,0.24572592440268223,0.19086103669978088,0.3159310015444655,0.28700072415088496,0.20620723760486864,2.1511249378991515e-11,-2.3214627731249493e-07,1.4068498969954657e-14,-5.782179623992079e-09,5.030766914160267e-09,1.702351148935577e-08,0.00010605786519590765,3.2186606180317767e-07,5.329833738798584e-07,4.850515269438915e-07,3.493914935148723e-07
0.72,1.8303278116493593,4.0,10.0,92.10340371976181,0.00010608057317647056,-2.5130935910055996e-07,7.920656344140298e-07,0.9987812042236328,-5.955003601343378e-09,-2.4535390252822253e-07,-0.14011259889942793,0.21393182548649756,0.2726479196786137,0.2788976312996585,0.23452262353523026,0.2390741186967574,0.2950557678126144,0.2689635451184554,0.19690656837217282,2.0170816406039904e-11,-2.45374138785337e-07,1.4220170383555907e-14,-5.955017368108884e-09,6.719707013047582e-09,1.7056706269613642e-08,0.00010605622082948685,4.281007881523635e-07,5.285875204208423e-07,4.826978630134704e-07,3.542338058437622e-07
0.72,1.8303278116493593,5.0,10.0,92.10340371976181,0.00010608057317647056,-2.5733200459399086e-07,7.953582894515421e-07,0.9985858201980591,-6.114963646552951e-09,-2.5121642011072254e-07,-0.13590337570514194,0.2532584753961444,0.2581851908837411,0.2641852331388207,0.2243711005812938,0.2817680039099565,0.2772754701087842,0.2536063344857746,0.1873501914954847,1.921555449480028e-11,-2.512357184514258e-07,1.4379390554783086e-14,-6.114976969229247e-09,8.41248937177852e-09,1.7088352066707557e-08,0.00010605459101498127,5.32677039366547e-07,5.244508107793422e-07,4.805165412236079e-07,3.5584804347621457e-07
0.72,1.8303278116493593,7.5,10.0,92.10340371976181,0.00010608057317647056,-2.792684767882747e-07,8.112281193461968e-07,0.9982364177703857,-6.5061196430349355e-09,-2.727626338128175e-07,-0.1304001773866429,0.33538414639707514,0.2280175690242835,0.23349782066910763,0.20310046390953373,0.36824546207760656,0.24084209373771462,0.22185745810812751,0.16905498607655128,1.7786602052316525e-11,-2.7278022685095493e-07,1.482241250311961e-14,-6.506133853889651e-09,1.2658312620317247e-08,1.7161299936674368e-08,0.00010605053103063256,7.875296645920571e-07,5.153581712491473e-07,4.755282212443035e-07,3.632036222889212e-07
0.72,1.8303278116493593,10.0,10.0,92.10340371976181,0.00010608057317647056,-3.0912934789739666e-07,8.357417868865014e-07,0.997923731803894,-6.869409929777248e-09,-3.0226087233131693e-07,-0.12945942263202037,0.4002993971891237,0.20429619106554905,0.20934870897349028,0.18605570277183694,0.4338793676902795,0.21275553029111888,0.1970596267582637,0.15630547526033792,1.6932061655539066e-11,-3.0227741376620543e-07,1.5305676986780183e-14,-6.869425028810383e-09,1.6920662204711334e-08,1.722778719681628e-08,0.00010604642739053816,1.034765087837286e-06,5.077072602333033e-07,4.7101445854735857e-07,3.7436172517502087e-07
0.72,1.8303278116493593,12.5,10.0,92.10340371976181,0.00010608057317647056,-3.299991817584669e-07,8.519251082361734e-07,0.997683048248291,-7.2099219927679314e-09,-3.2278921935358085e-07,-0.12570105089537478,0.45295542764297475,0.18514514986769456,0.18984169363638143,0.17205772885294926,0.4863221259818341,0.19100368911280274,0.17769917783622036,0.1449750070691428,1.632945861862467e-11,-3.2280604500556365e-07,1.580966159039649e-14,-7.209937979979486e-09,2.1197136490513913e-08,1.7289996989688916e-08,0.00010604238195810467,1.275327948135896e-06,5.011910326757629e-07,4.6701876765808947e-07,3.8173607830316314e-07
0.72,1.8303278116493593,15.0,10.0,92.10340371976181,0.00010608057317647056,-3.5683692090060504e-07,8.74259228567098e-07,0.9974499344825745,-7.557689585269145e-09,-3.492796736281889e-07,-0.12475096672168988,0.49644032057824283,0.16930764055918857,0.17370362463085434,0.16054841423171426,0.5284645316112264,0.17321269205436926,0.16171728012933212,0.13660549620507215,1.5916989948294713e-11,-3.4929516345982847e-07,1.6319619470356837e-14,-7.5577055724807e-09,2.5486189159096284e-08,1.7348321890153784e-08,0.0001060382928699255,1.510144558736215e-06,4.952776100353162e-07,4.631281171896262e-07,3.918491193743989e-07
0.72,1.8303278116493593,22.5,10.0,92.10340371976181,0.00010608057317647056,-4.2057348537127837e-07,9.250261427951045e-07,0.9968403577804565,-8.522241579100864e-09,-4.120506673643831e-07,-0.1189840334989558,0.5913503426687908,0.13495643936742518,0.13869484100786886,0.13499837695591513,0.6195928583115599,0.13571207298682944,0.12763751859960326,0.11705755010200743,1.534845341100155e-11,-4.1206601508747553e-07,1.783213232295095e-14,-8.522257566312419e-09,3.841965323658769e-08,1.750610678641351e-08,0.00010602604015730321,2.188433850136562e-06,4.796586434707706e-07,4.5180619245854814e-07,4.148104215673243e-07
0.72,1.8303278116493593,37.5,10.0,92.10340371976181,0.00010608057317647056,-5.288003421810572e-07,1.0127016594196903e-06,0.9958903789520264,-1.0359467950138423e-08,-5.184364795240981e-07,-0.11019971469329529,0.6985399285916005,0.096339684994694,0.09934404684223079,0.10577633957147464,0.7201130029387753,0.09517985362663953,0.09021737833946282,0.09448976509512233,1.4834553724307753e-11,-5.184506903788133e-07,2.069672829386332e-14,-1.0359491042777336e-08,6.454182965853761e-08,1.7777615823888482e-08,0.00010600144742056727,3.4537175146454047e-06,4.5682258775769924e-07,4.3367056701271167e-07,4.543510083721003e-07
0.72,1.8303278116493593,50.0,10.0,92.10340371976181,0.00010608057317647056,-5.975269914415549e-07,1.0672869166228338e-06,0.9952290654182434,-1.1878426242617479e-08,-5.856478537680232e-07,-0.10326497416913386,0.7495714182851785,0.07798097884068408,0.08064629167915506,0.09180131119498237,0.7683475231929876,0.07640951015998367,0.07263609116991038,0.08260687547711831,1.48280224904207e-11,-5.856634857082099e-07,2.2933699955914565e-14,-1.1878449335256391e-08,8.654019012510616e-08,1.798311188849766e-08,0.00010598069638945162,4.4439809911978045e-06,4.4229496243275435e-07,4.211279538424151e-07,4.789451262254829e-07
0.88,2.048014264659415,1.0,10.0,92.10340371976181,0.0001306989329411765,-3.299867614714458e-07,9.906844979923335e-07,1.0,-8.052640332323335e-09,-3.2193460697271803e-07,-0.1844653886802621,0.06425931302337232,0.3283129017054469,0.33523889974737564,0.27218888552380516,0.06739947126125458,0.3578900200792669,0.32818342376377685,0.2465270848957017,3.539699783283723e-11,-3.2196979304899287e-07,2.227012418064018e-14,-8.052662536783828e-09,2.4882509386259244e-09,2.526504516708883e-08,0.00013066470273770392,1.2046133335275044e-07,6.392013007783248e-07,5.873266388789489e-07,4.4189634085256557e-07
0.88,2.048014264659415,2.0,10.0,92.10340371976181,0.0001306989329411765,-3.4167894114034425e-07,9.987650173570728e-07,0.9992004036903381,-8.34647018166379e-09,-3.3333219562337035e-07,-0.17844763829865307,0.12050649743284275,0.3073861670560805,0.3139156076660821,0.2581917278449946,0.12916036061596248,0.3330367338228807,0.3053747085639245,0.2324281969972323,3.0721206828454584e-11,-3.3336209526169114e-07,2.3003764827245546e-14,-8.346491497945863e-09,4.990660773529498e-09,2.531544929240681e-08,0.00013066225801594555,2.469862092624453e-07,6.367241498494991e-07,5.85025095922731e-07,4.459902998021903e-07
0.88,2.048014264659415,3.0,10.0,92.10340371976181,0.0001306989329411765,-3.552124780981103e-07,1.00902468602726e-06,0.9988899827003479,-8.65591953669309e-09,-3.4655619174372987e-07,-0.1741704100467222,0.17001104521849875,0.28889853980560387,0.29508555371212397,0.24600486126377338,0.1832118974028927,0.3106212622779767,0.2855535460594846,0.220613294259646,2.804052302851634e-11,-3.4658384606700565e-07,2.333583901201891e-14,-8.655942629332003e-09,7.501689047728632e-09,2.536480003811903e-08,0.00013065979874227196,3.7313053713461386e-07,6.326392671951453e-07,5.827489744092418e-07,4.5093269918083934e-07
0.88,2.048014264659415,4.0,10.0,92.10340371976181,0.0001306989329411765,-3.6495495692179247e-07,1.015845896290557e-06,0.9986442923545837,-8.90377016560251e-09,-3.56051629069043e-07,-0.16888371258867352,0.21403668124980174,0.2726781587763703,0.27858187143332325,0.2347032885405047,0.23068709216815728,0.2911147255158656,0.2684823379345886,0.20971584438138854,2.6200675309895338e-11,-3.5607752124633407e-07,2.362504655339763e-14,-8.903794146419841e-09,1.0019187257626072e-08,2.5411688753251838e-08,0.0001306573540205136,4.978112047027139e-07,6.283189577516168e-07,5.806069873770525e-07,4.542380613870023e-07
0.88,2.048014264659415,5.0,10.0,92.10340371976181,0.0001306989329411765,-3.83102388923362e-07,1.0313093525837758e-06,0.9984557032585144,-9.17131082189826e-09,-3.739302769645292e-07,-0.16767247384505765,0.25331424151223114,0.2581284154592166,0.2637880961651697,0.2247692468633826,0.272043634133004,0.2734685545972713,0.25301361493832597,0.20147419633139876,2.4854594077305947e-11,-3.7395614072011085e-07,2.3919624283661942e-14,-9.17133746725085e-09,1.2542018090755391e-08,2.5455999974610677e-08,0.00013065492385067046,6.207418472570225e-07,6.241478667234901e-07,5.785701340244032e-07,4.61366819415332e-07
0.88,2.048014264659415,7.5,10.0,92.10340371976181,0.0001306989329411765,-4.207809638501203e-07,1.062925775840995e-06,0.9980512857437134,-9.752725738110257e-09,-4.1102867953668465e-07,-0.16276309286897161,0.3354915707081573,0.2279538450673034,0.23311479310342823,0.20343979112111105,0.3566075122040887,0.23799836765656954,0.22170664240393456,0.18368747773540722,2.28472431945681e-11,-4.1105130321739125e-07,2.4706650028800958e-14,-9.752750607106009e-09,1.886810885309842e-08,2.5557156391187164e-08,0.00013064885570202023,9.208486648759617e-07,6.147746578477609e-07,5.737383403925378e-07,4.758706539931268e-07
0.88,2.048014264659415,10.0,10.0,92.10340371976181,0.0001306989329411765,-4.5642346435670333e-07,1.093308469535259e-06,0.997734010219574,-1.0297739549969265e-08,-4.461261084998114e-07,-0.15856377961550622,0.40043872615286835,0.20421307707349165,0.20896559248358343,0.18638260429005657,0.42155388181401976,0.2110508852157836,0.19759000717230515,0.1698052257978915,2.188944858705355e-11,-4.46148732180518e-07,2.5543926850568784e-14,-1.0297764418965016e-08,2.5216769117264448e-08,2.564860324127949e-08,0.00013064278755337,1.2122385832924465e-06,6.071178999533799e-07,5.693997087163893e-07,4.897157568350963e-07
0.88,2.048014264659415,12.5,10.0,92.10340371976181,0.0001306989329411765,-4.832243689634197e-07,1.1153015293530189e-06,0.9974503517150879,-1.083209788532713e-08,-4.7238950173777994e-07,-0.1528513767815486,0.4530451040667622,0.18501505436504434,0.18942596216031451,0.17251387940787896,0.47359075833927106,0.19000331939758658,0.17862234948047098,0.15778357278267138,2.108531405031755e-11,-4.7241007905540755e-07,2.640512727089886e-14,-1.0832124530679721e-08,3.1584505677528796e-08,2.5733793762583446e-08,0.000130636733956635,1.4959273304526732e-06,6.003654835495809e-07,5.653731562915709e-07,4.997388973748684e-07
0.88,2.048014264659415,15.0,10.0,92.10340371976181,0.0001306989329411765,-5.086472469884029e-07,1.1360432381479768e-06,0.9971968531608582,-1.1393937349168937e-08,-4.972538931724557e-07,-0.14796638790528133,0.4964208214183682,0.16912415351307195,0.17324801714100715,0.16120700792755271,0.5161039997371912,0.1729473321590063,0.1631016528659701,0.14784701523783245,2.051958256088504e-11,-4.972740725861513e-07,2.7269028032264782e-14,-1.1393961329986269e-08,3.796924374910304e-08,2.5813294612930804e-08,0.0001306306367041543,1.7727975425430031e-06,5.94257736352688e-07,5.613709728180538e-07,5.091524615252752e-07
0.88,2.048014264659415,22.5,10.0,92.10340371976181,0.0001306989329411765,-5.829227802678361e-07,1.1965012163273059e-06,0.9965323805809021,-1.2938903282133651e-08,-5.699839675799012e-07,-0.13756208673233733,0.5910853238752501,0.13470064122174624,0.13820167080639828,0.13601236409660528,0.6077526031576597,0.1363628781591127,0.12946876471013263,0.12641575397309504,1.979647522298844e-11,-5.700035217159893e-07,2.9828753128537805e-14,-1.2938930815664662e-08,5.721241791434295e-08,2.602709336940734e-08,0.00013061240315437317,2.5739199251972877e-06,5.776968894366519e-07,5.49385763548571e-07,5.365235669074764e-07
0.88,2.048014264659415,37.5,10.0,92.10340371976181,0.0001306989329411765,-7.262738677127345e-07,1.316352154390188e-06,0.9954783320426941,-1.5844662470954063e-08,-7.104302994775935e-07,-0.12637220981564423,0.6980137781196831,0.09605358512474015,0.0988692143088529,0.10706342244672386,0.7092090972474353,0.09627669558245348,0.09184649085075006,0.10266771631936115,1.9273001597430728e-11,-7.104490578058176e-07,3.4628444995363564e-14,-1.5844694445377172e-08,9.60392085858075e-08,2.6391226981559157e-08,0.00013057565956842154,4.074520539631976e-06,5.532852567213808e-07,5.287191715552808e-07,5.905855386956205e-07
0.88,2.048014264659415,50.0,10.0,92.10340371976181,0.0001306989329411765,-8.46542377530568e-07,1.4218953765521292e-06,0.994761049747467,-1.8116439903792525e-08,-8.284256978186022e-07,-0.1220743048947395,0.7491693349069183,0.07771807140228193,0.08022920658947345,0.09288338710132632,0.7564338939951357,0.07733639485978439,0.0742338537461621,0.09199585739891784,1.92398302151231e-11,-8.284440013994754e-07,3.834775650236183e-14,-1.8116477207286152e-08,1.286998241312176e-07,2.6665050611995866e-08,0.00013054498413112015,5.2444689018216195e-06,5.363581330186662e-07,5.157088001084276e-07,6.380940842376503e-07
