bio_amp,khyd_amp,duration_hr,resp_rate
1.0,1.0,0.0,0.0
2.1316631165338418,1.0,0.0,0.0
4.543987642390771,1.0,0.0,0.0
9.686250859269974,1.0,0.0,0.0
20.64782369420004,1.0,0.0,0.0
44.014204205619755,1.0,0.0,0.0
93.8234557087083,1.0,0.0,0.0
1.0,2.1316631165338418,0.0,0.0
2.1316631165338418,2.1316631165338418,0.0,0.0
4.543987642390771,2.1316631165338418,0.0,0.0
9.686250859269974,2.1316631165338418,0.0,0.0
20.64782369420004,2.1316631165338418,0.0,0.0
44.014204205619755,2.1316631165338418,0.0,0.0
93.8234557087083,2.1316631165338418,0.0,0.0
200.0,2.1316631165338418,0.0,0.0
1.0,4.543987642390771,0.0,0.0
2.1316631165338418,4.543987642390771,0.0,0.0
4.543987642390771,4.543987642390771,0.0,0.0
9.686250859269974,4.543987642390771,0.0,0.0
20.64782369420004,4.543987642390771,0.0,0.0
44.014204205619755,4.543987642390771,0.0,0.0
93.8234557087083,4.543987642390771,0.0,0.0
200.0,4.543987642390771,0.0,0.0
1.0,9.686250859269974,0.0,0.0
2.1316631165338418,9.686250859269974,0.0,0.0
4.543987642390771,9.686250859269974,0.0,0.0
9.686250859269974,9.686250859269974,0.0,0.0
20.64782369420004,9.686250859269974,0.0,0.0
44.014204205619755,9.686250859269974,0.0,0.0
93.8234557087083,9.686250859269974,0.0,0.0
200.0,9.686250859269974,0.0,0.0
1.0,20.64782369420004,0.0,0.0
2.1316631165338418,20.64782369420004,0.0,0.0
4.543987642390771,20.64782369420004,0.0,0.0
9.686250859269974,20.64782369420004,0.0,0.0
20.64782369420004,20.64782369420004,0.0,0.0
44.014204205619755,20.64782369420004,0.0,0.0
93.8234557087083,20.64782369420004,0.0,0.0
200.0,20.64782369420004,15.012764930725098,51.49455261230469
1.0,44.014204205619755,0.0,0.0
2.1316631165338418,44.014204205619755,0.0,0.0
4.543987642390771,44.014204205619755,0.0,0.0
9.686250859269974,44.014204205619755,0.0,0.0
20.64782369420004,44.014204205619755,0.0,0.0
44.014204205619755,44.014204205619755,0.0,0.0
93.8234557087083,44.014204205619755,7.100586414337158,108.56852722167967
200.0,44.014204205619755,7.10613489151001,108.73780059814452
1.0,93.8234557087083,0.0,0.0
2.1316631165338418,93.8234557087083,0.0,0.0
4.543987642390771,93.8234557087083,0.0,0.0
9.686250859269974,93.8234557087083,0.0,0.0
20.64782369420004,93.8234557087083,0.0,0.0
44.014204205619755,93.8234557087083,3.3394906520843506,229.4627990722656
93.8234557087083,93.8234557087083,3.3536295890808105,229.6343231201172
200.0,93.8234557087083,3.3604300022125244,229.7381591796875
2.1316631165338418,200.0,0.0,0.0
4.543987642390771,200.0,0.0,0.0
9.686250859269974,200.0,0.0,0.0
20.64782369420004,200.0,1.563814640045166,483.800537109375
44.014204205619755,200.0,1.5799086093902588,483.9720764160156
93.8234557087083,200.0,1.5878863334655762,484.078125
200.0,200.0,1.5963667631149292,484.0307312011719
100.0,100.0,3.147376775741577,244.58050537109375
128.57142857142858,100.0,3.1552677154541016,244.61436462402344
157.14285714285714,100.0,3.154915571212769,244.64144897460935
185.71428571428572,100.0,3.1546802520751953,244.6595001220703
214.28571428571428,100.0,3.1545615196228027,244.6685333251953
242.8571428571429,100.0,3.154618263244629,244.66400146484375
271.42857142857144,100.0,3.163034677505493,244.65724182128903
100.0,128.57142857142858,2.4595470428466797,313.4385070800781
128.57142857142858,128.57142857142858,2.459296226501465,313.4701232910156
157.14285714285714,128.57142857142858,2.459134340286255,313.4904479980469
185.71428571428572,128.57142857142858,2.459132432937622,313.4904479980469
214.28571428571428,128.57142857142858,2.46755051612854,313.4791259765625
242.8571428571429,128.57142857142858,2.4676551818847656,313.4656066894531
271.42857142857144,128.57142857142858,2.4677422046661377,313.4543151855469
300.0,128.57142857142858,2.4678292274475098,313.44305419921875
100.0,157.14285714285714,2.016007661819458,381.948974609375
128.57142857142858,157.14285714285714,2.015874147415161,381.9737854003906
157.14285714285714,157.14285714285714,2.0158843994140625,381.9715270996094
185.71428571428572,157.14285714285714,2.024284839630127,381.9580078125
214.28571428571428,157.14285714285714,2.024367094039917,381.9421997070313
242.8571428571429,157.14285714285714,2.024437189102173,381.92864990234375
271.42857142857144,157.14285714285714,2.024519205093384,381.912841796875
300.0,157.14285714285714,2.0245895385742188,381.8992919921875
100.0,185.71428571428572,1.7086666822433472,450.12310791015625
128.57142857142858,185.71428571428572,1.7086477279663086,450.1276245117187
157.14285714285714,185.71428571428572,1.7170283794403076,450.1140747070313
185.71428571428572,185.71428571428572,1.7170953750610352,450.0960388183594
214.28571428571428,185.71428571428572,1.7171627283096311,450.0779418945313
242.8571428571429,185.71428571428572,1.717229962348938,450.0599060058594
271.42857142857144,185.71428571428572,1.717297077178955,450.0418395996094
300.0,185.71428571428572,1.7173646688461304,450.0237731933594
100.0,214.28571428571428,1.483172059059143,517.951904296875
128.57142857142858,214.28571428571428,1.491533637046814,517.9406127929688
157.14285714285714,214.28571428571428,1.4915902614593506,517.9203491210938
185.71428571428572,214.28571428571428,1.4916471242904663,517.9000244140625
214.28571428571428,214.28571428571428,1.4917041063308716,517.879638671875
242.8571428571429,214.28571428571428,1.4917609691619873,517.859375
271.42857142857144,214.28571428571428,1.4918179512023926,517.8390502929688
300.0,214.28571428571428,1.491868495941162,517.8209838867188
100.0,242.8571428571429,1.3106462955474854,585.4489135742188
128.57142857142858,242.8571428571429,1.3190211057662964,585.4286499023438
157.14285714285714,242.8571428571429,1.319075345993042,585.40380859375
185.71428571428572,242.8571428571429,1.319124460220337,585.3812255859375
214.28571428571428,242.8571428571429,1.3191787004470823,585.3563842773438
242.8571428571429,242.8571428571429,1.3192230463027954,585.3361206054688
271.42857142857144,242.8571428571429,1.3192623853683472,585.3180541992188
300.0,242.8571428571429,1.3193016052246094,585.2999877929688
100.0,271.42857142857144,1.1827337741851809,652.6073608398438
128.57142857142858,271.42857142857144,1.1827809810638428,652.5802612304688
157.14285714285714,271.42857142857144,1.1828242540359497,652.5554809570312
185.71428571428572,271.42857142857144,1.1828718185424805,652.5283813476562
214.28571428571428,271.42857142857144,1.1829153299331665,652.5035400390625
242.8571428571429,271.42857142857144,1.182950735092163,652.4832153320312
271.42857142857144,271.42857142857144,1.1829822063446045,652.4652099609375
300.0,271.42857142857144,1.183013677597046,652.4471435546875
100.0,300.0,1.072409749031067,719.43408203125
128.57142857142858,300.0,1.0724517107009888,719.4047241210938
157.14285714285714,300.0,1.0724903345108032,719.377685546875
185.71428571428572,300.0,1.0725325345993042,719.3483276367188
214.28571428571428,300.0,1.07256817817688,719.323486328125
242.8571428571429,300.0,1.0725938081741333,719.305419921875
271.42857142857144,300.0,1.072622776031494,719.28515625
300.0,300.0,1.0726487636566162,719.2670288085938
90.0,1.0,0.0,0.0
105.71428571428572,1.0,0.0,0.0
121.42857142857144,1.0,0.0,0.0
137.14285714285714,1.0,0.0,0.0
152.85714285714286,1.0,0.0,0.0
168.57142857142856,1.0,0.0,0.0
184.28571428571428,1.0,0.0,0.0
200.0,1.0,0.0,0.0
90.0,15.142857142857142,0.0,0.0
105.71428571428572,15.142857142857142,0.0,0.0
121.42857142857144,15.142857142857142,0.0,0.0
137.14285714285714,15.142857142857142,15.930971145629885,48.28728485107422
152.85714285714286,15.142857142857142,16.55337905883789,46.6170654296875
168.57142857142856,15.142857142857142,17.271867752075195,44.72340774536133
184.28571428571428,15.142857142857142,17.897401809692383,43.18184280395508
200.0,15.142857142857142,17.893648147583008,43.19086837768555
90.0,29.285714285714285,8.968650817871094,85.86487579345703
105.71428571428572,29.285714285714285,9.31088638305664,82.78852081298828
121.42857142857144,29.285714285714285,9.828240394592283,78.50465393066406
137.14285714285714,29.285714285714285,10.634992599487305,72.61600494384766
152.85714285714286,29.285714285714285,10.632007598876951,72.63632202148438
168.57142857142856,29.285714285714285,10.638017654418944,72.6521224975586
184.28571428571428,29.285714285714285,10.635035514831545,72.67243194580078
200.0,29.285714285714285,10.632387161254885,72.69049072265625
90.0,43.42857142857143,7.196542739868164,107.12853240966795
105.71428571428572,43.42857142857143,7.194561958312988,107.15787506103516
121.42857142857144,43.42857142857143,7.201064586639404,107.1849594116211
137.14285714285714,43.42857142857143,7.1992387771606445,107.2120361328125
152.85714285714286,43.42857142857143,7.197564601898193,107.23686981201172
168.57142857142856,43.42857142857143,7.204222679138184,107.2616958618164
184.28571428571428,43.42857142857143,7.202550888061523,107.2865219116211
200.0,43.42857142857143,7.201487064361572,107.30232238769533
90.0,57.57142857142857,5.442931175231934,141.6184844970703
105.71428571428572,57.57142857142857,5.4415364265441895,141.6545867919922
121.42857142857144,57.57142857142857,5.4485602378845215,141.68844604492188
137.14285714285714,57.57142857142857,5.447340488433838,141.7200469970703
152.85714285714286,57.57142857142857,5.446382999420166,141.744873046875
168.57142857142856,57.57142857142857,5.445685863494873,141.762939453125
184.28571428571428,57.57142857142857,5.445163249969482,141.77647399902344
200.0,57.57142857142857,5.4448137283325195,141.78550720214844
90.0,71.71428571428571,4.373268127441406,176.0226593017578
105.71428571428572,71.71428571428571,4.380638599395752,176.06103515625
121.42857142857144,71.71428571428571,4.379736423492432,176.09713745117188
137.14285714285714,71.71428571428571,4.379227638244629,176.11746215820312
152.85714285714286,71.71428571428571,4.3788323402404785,176.13327026367188
168.57142857142856,71.71428571428571,4.378493309020996,176.1468048095703
184.28571428571428,71.71428571428571,4.386541843414307,176.15809631347656
200.0,71.71428571428571,4.38631534576416,176.1671142578125
90.0,85.85714285714286,3.663208246231079,210.3410797119141
105.71428571428572,85.85714285714286,3.662575721740722,210.377197265625
121.42857142857144,85.85714285714286,3.662179946899414,210.39976501464844
137.14285714285714,85.85714285714286,3.661902666091919,210.4155731201172
152.85714285714286,85.85714285714286,3.6699960231781006,210.4291076660156
168.57142857142856,85.85714285714286,3.669757843017578,210.44265747070312
184.28571428571428,85.85714285714286,3.6695594787597656,210.45394897460935
200.0,85.85714285714286,3.669361352920532,210.4652099609375
90.0,100.0,3.1475822925567627,244.564697265625
105.71428571428572,100.0,3.1472597122192383,244.5895233154297
121.42857142857144,100.0,3.146996021270752,244.60984802246097
137.14285714285714,100.0,3.1551506519317627,244.62338256835935
152.85714285714286,100.0,3.154945135116577,244.63917541503903
168.57142857142856,100.0,3.1547982692718506,244.6504669189453
184.28571428571428,100.0,3.154651165008545,244.66175842285156
200.0,100.0,3.1545917987823486,244.6662750244141
1.0,90.0,0.0,0.0
15.142857142857142,90.0,0.0,0.0
29.285714285714285,90.0,2.9205164909362793,260.2398986816406
43.42857142857143,90.0,3.481358766555786,220.21340942382812
57.57142857142857,90.0,3.488824367523194,220.267578125
71.71428571428571,90.0,3.488067388534546,220.31497192382812
85.85714285714286,90.0,3.4956412315368652,220.3623809814453
100.0,90.0,3.495100975036621,220.3962249755859
1.0,105.71428571428572,0.0,0.0
15.142857142857142,105.71428571428572,0.0,0.0
29.285714285714285,105.71428571428572,2.584717035293579,294.0707702636719
43.42857142857143,105.71428571428572,2.9635696411132812,258.19952392578125
57.57142857142857,105.71428571428572,2.9711925983428955,258.2604675292969
71.71428571428571,105.71428571428572,2.978919506072998,258.3123779296875
85.85714285714286,105.71428571428572,2.978421449661255,258.35528564453125
100.0,105.71428571428572,2.978132963180542,258.3800964355469
1.0,121.42857142857144,0.0,0.0
15.142857142857142,121.42857142857144,0.0,0.0
29.285714285714285,121.42857142857144,2.383131980895996,319.270751953125
43.42857142857143,121.42857142857144,2.587841749191284,296.0818176269531
57.57142857142857,121.42857142857144,2.5872433185577393,296.1495361328125
71.71428571428571,121.42857142857144,2.595095157623291,296.2037048339844
85.85714285714286,121.42857142857144,2.594815492630005,296.23529052734375
100.0,121.42857142857144,2.594635486602783,296.2556457519531
1.0,137.14285714285714,0.0,0.0
15.142857142857142,137.14285714285714,0.0,0.0
29.285714285714285,137.14285714285714,2.2838194370269775,333.78582763671875
43.42857142857143,137.14285714285714,2.291585922241211,333.8670654296875
57.57142857142857,137.14285714285714,2.2994298934936523,333.9370422363281
71.71428571428571,137.14285714285714,2.2991156578063965,333.982177734375
85.85714285714286,137.14285714285714,2.298927068710327,334.0092468261719
100.0,137.14285714285714,2.3071162700653076,334.0295715332031
1.0,152.85714285714286,0.0,0.0
15.142857142857142,152.85714285714286,1.612106204032898,457.9664001464844
29.285714285714285,152.85714285714286,2.0483264923095703,371.4581909179687
43.42857142857143,152.85714285714286,2.056175708770752,371.5439758300781
57.57142857142857,152.85714285714286,2.0641138553619385,371.6139526367187
71.71428571428571,152.85714285714286,2.063910722732544,371.6500549316406
85.85714285714286,152.85714285714286,2.072101593017578,371.6748962402344
100.0,152.85714285714286,2.0719869136810303,371.6951904296875
1.0,168.57142857142856,0.0,0.0
15.142857142857142,168.57142857142856,1.511471390724182,491.60986328125
29.285714285714285,168.57142857142856,1.8650016784667969,409.0290222167969
43.42857142857143,168.57142857142856,1.8729040622711184,409.1215515136719
57.57142857142857,168.57142857142856,1.87260103225708,409.18701171875
71.71428571428571,168.57142857142856,1.872464656829834,409.21636962890625
85.85714285714286,168.57142857142856,1.8806798458099363,409.2411804199219
100.0,168.57142857142856,1.880595326423645,409.2592468261719
1.0,184.28571428571428,0.0,0.0
15.142857142857142,184.28571428571428,1.4210669994354248,524.0504760742188
29.285714285714285,184.28571428571428,1.7059777975082395,446.50054931640625
43.42857142857143,184.28571428571428,1.7139402627944946,446.5953369140625
57.57142857142857,184.28571428571428,1.7137207984924316,446.6517639160156
71.71428571428571,184.28571428571428,1.721936821937561,446.68109130859375
85.85714285714286,184.28571428571428,1.7218483686447144,446.70367431640625
100.0,184.28571428571428,1.7217775583267212,446.72174072265625
1.0,200.0,0.0,0.0
15.142857142857142,200.0,1.361884593963623,548.5596923828125
29.285714285714285,200.0,1.5719064474105835,483.8727416992187
43.42857142857143,200.0,1.5799161195755005,483.96978759765625
57.57142857142857,200.0,1.5797590017318726,484.0171813964844
71.71428571428571,200.0,1.5880067348480225,484.0419921875
85.85714285714286,200.0,1.587923884391785,484.0668640136719
100.0,200.0,1.5878782272338867,484.0803833007813
190.0,1.0,0.0,0.0
205.71428571428572,1.0,0.0,0.0
221.42857142857144,1.0,0.0,0.0
237.1428571428571,1.0,0.0,0.0
252.8571428571429,1.0,0.0,0.0
268.57142857142856,1.0,0.0,0.0
284.2857142857143,1.0,0.0,0.0
300.0,1.0,0.0,0.0
190.0,15.142857142857142,17.89552879333496,43.18635559082031
205.71428571428572,15.142857142857142,18.822093963623047,41.080535888671875
221.42857142857144,15.142857142857142,18.816911697387695,41.091819763183594
237.1428571428571,15.142857142857142,18.812768936157227,41.10084533691406
252.8571428571429,15.142857142857142,20.354175567626953,38.00643157958984
268.57142857142856,15.142857142857142,20.34812355041504,38.01771926879883
284.2857142857143,15.142857142857142,20.34207534790039,38.02900314331055
300.0,15.142857142857142,20.337238311767575,38.038028717041016
190.0,29.285714285714285,10.634042739868164,72.67919921875
205.71428571428572,29.285714285714285,10.631394386291504,72.697265625
221.42857142857144,29.285714285714285,10.629076957702637,72.71306610107422
237.1428571428571,29.285714285714285,10.634760856628418,72.73111724853516
252.8571428571429,29.285714285714285,10.632447242736816,72.74691772460938
268.57142857142856,29.285714285714285,10.630133628845217,72.7627182006836
284.2857142857143,29.285714285714285,10.628150939941406,72.77626037597656
300.0,29.285714285714285,10.62649917602539,72.78754425048828
190.0,43.42857142857143,7.202246189117432,107.2910385131836
205.71428571428572,43.42857142857143,7.201030731201172,107.30909729003906
221.42857142857144,43.42857142857143,7.2001190185546875,107.32263946533205
237.1428571428571,43.42857142857143,7.19951057434082,107.33165740966795
252.8571428571429,43.42857142857143,7.1989030838012695,107.34069061279295
268.57142857142856,43.42857142857143,7.198446750640869,107.3474578857422
284.2857142857143,43.42857142857143,7.206320762634277,107.35423278808594
300.0,43.42857142857143,7.205713272094727,107.3632583618164
190.0,57.57142857142857,5.445075511932373,141.7787322998047
205.71428571428572,57.57142857142857,5.444639682769775,141.79002380371094
221.42857142857144,57.57142857142857,5.4526214599609375,141.79904174804688
237.1428571428571,57.57142857142857,5.452273368835449,141.80807495117188
252.8571428571429,57.57142857142857,5.451923847198486,141.81710815429688
268.57142857142856,57.57142857142857,5.451662540435791,141.82386779785156
284.2857142857143,57.57142857142857,5.451313495635986,141.83290100097656
300.0,57.57142857142857,5.451138973236084,141.83741760253906
190.0,71.71428571428571,4.3864288330078125,176.16259765625
205.71428571428572,71.71428571428571,4.386202335357666,176.171630859375
221.42857142857144,71.71428571428571,4.38592004776001,176.1829071044922
237.1428571428571,71.71428571428571,4.385749816894531,176.18968200683594
252.8571428571429,71.71428571428571,4.385523796081543,176.19871520996094
268.57142857142856,71.71428571428571,4.3854660987854,176.2009735107422
284.2857142857143,71.71428571428571,4.385352611541748,176.2054901123047
300.0,71.71428571428571,4.385351657867432,176.2054901123047
190.0,85.85714285714286,3.669480323791504,210.4584503173828
205.71428571428572,85.85714285714286,3.6693215370178223,210.4674835205078
221.42857142857144,85.85714285714286,3.669202089309693,210.47425842285156
237.1428571428571,85.85714285714286,3.669122219085694,210.478759765625
252.8571428571429,85.85714285714286,3.669121026992798,210.478759765625
268.57142857142856,85.85714285714286,3.669159650802612,210.47650146484375
284.2857142857143,85.85714285714286,3.669197797775269,210.47425842285156
300.0,85.85714285714286,3.6776065826416016,210.46974182128903
190.0,100.0,3.1546506881713867,244.66175842285156
205.71428571428572,100.0,3.1545915603637695,244.6662750244141
221.42857142857144,100.0,3.1545610427856445,244.6685333251953
237.1428571428571,100.0,3.154618501663208,244.66400146484375
252.8571428571429,100.0,3.162977457046509,244.66175842285156
268.57142857142856,100.0,3.1630349159240723,244.65724182128903
284.2857142857143,100.0,3.163121223449707,244.6504669189453
300.0,100.0,3.1631786823272705,244.64596557617188
25.0,1.0,0.0,0.0
35.0,1.0,0.0,0.0
45.0,1.0,0.0,0.0
55.0,1.0,0.0,0.0
65.0,1.0,0.0,0.0
75.0,1.0,0.0,0.0
85.0,1.0,0.0,0.0
95.0,1.0,0.0,0.0
105.0,1.0,0.0,0.0
115.0,1.0,0.0,0.0
125.0,1.0,0.0,0.0
135.0,1.0,0.0,0.0
145.0,1.0,0.0,0.0
25.0,11.333333333333334,0.0,0.0
35.0,11.333333333333334,0.0,0.0
45.0,11.333333333333334,0.0,0.0
55.0,11.333333333333334,0.0,0.0
65.0,11.333333333333334,0.0,0.0
75.0,11.333333333333334,0.0,0.0
85.0,11.333333333333334,0.0,0.0
95.0,11.333333333333334,0.0,0.0
105.0,11.333333333333334,0.0,0.0
115.0,11.333333333333334,0.0,0.0
125.0,11.333333333333334,0.0,0.0
135.0,11.333333333333334,0.0,0.0
145.0,11.333333333333334,0.0,0.0
25.0,21.666666666666668,0.0,0.0
35.0,21.666666666666668,0.0,0.0
45.0,21.666666666666668,0.0,0.0
55.0,21.666666666666668,0.0,0.0
65.0,21.666666666666668,0.0,0.0
75.0,21.666666666666668,0.0,0.0
85.0,21.666666666666668,0.0,0.0
95.0,21.666666666666668,11.08741283416748,69.00472259521484
105.0,21.666666666666668,11.433283805847168,67.31871795654297
115.0,21.666666666666668,11.796163558959961,65.34379577636719
125.0,21.666666666666668,12.104060173034668,63.727752685546875
135.0,21.666666666666668,12.557458877563477,61.470703125
145.0,21.666666666666668,13.237991333007812,58.351470947265625
25.0,32.0,0.0,0.0
35.0,32.0,0.0,0.0
45.0,32.0,0.0,0.0
55.0,32.0,0.0,0.0
65.0,32.0,7.533749580383301,101.26922607421875
75.0,32.0,7.847719192504883,97.861083984375
85.0,32.0,8.21058177947998,93.73745727539062
95.0,32.0,8.525938987731934,90.36543273925781
105.0,32.0,9.003617286682129,85.65949249267578
115.0,32.0,9.002424240112305,85.6707763671875
125.0,32.0,9.742171287536621,79.24495697021484
135.0,32.0,9.740221977233887,79.26075744628906
145.0,32.0,9.738829612731934,79.27204132080078
25.0,42.333333333333336,0.0,0.0
35.0,42.333333333333336,0.0,0.0
45.0,42.333333333333336,0.0,0.0
55.0,42.333333333333336,5.9324564933776855,129.07606506347656
65.0,42.333333333333336,6.210862636566162,123.6410903930664
75.0,42.333333333333336,6.4523797035217285,119.17890167236328
85.0,42.333333333333336,6.820667743682861,112.89755249023438
95.0,42.333333333333336,7.3809895515441895,104.46521759033203
105.0,42.333333333333336,7.379708290100098,104.48326873779297
115.0,42.333333333333336,7.3867573738098145,104.50132751464844
125.0,42.333333333333336,7.3854756355285645,104.51937866210938
135.0,42.333333333333336,7.384514331817627,104.53292083740234
145.0,42.333333333333336,7.383394241333008,104.54872131347656
25.0,52.66666666666667,0.0,0.0
35.0,52.66666666666667,0.0,0.0
45.0,52.66666666666667,4.767487525939941,160.14657592773438
55.0,52.66666666666667,5.18967866897583,147.89532470703125
65.0,52.66666666666667,5.489343166351318,140.0588836669922
75.0,52.66666666666667,5.940567970275879,129.63356018066406
85.0,52.66666666666667,5.93952751159668,129.6561279296875
95.0,52.66666666666667,5.946817398071289,129.67869567871094
105.0,52.66666666666667,5.945777893066406,129.70126342773438
115.0,52.66666666666667,5.944842338562012,129.72158813476562
125.0,52.66666666666667,5.944010257720947,129.73963928222656
135.0,52.66666666666667,5.951406478881836,129.75994873046875
145.0,52.66666666666667,5.950575828552246,129.7779998779297
25.0,63.0,0.0,0.0
35.0,63.0,3.8912272453308105,194.79681396484375
45.0,63.0,4.339444637298584,176.53726196289062
55.0,63.0,4.591882705688477,167.1705322265625
65.0,63.0,4.969692707061768,154.7657928466797
75.0,63.0,4.96874475479126,154.7951202392578
85.0,63.0,4.976345062255859,154.8177032470703
95.0,63.0,4.97546911239624,154.84478759765625
105.0,63.0,4.9747395515441895,154.8673553466797
115.0,63.0,4.98234224319458,154.88992309570312
125.0,63.0,4.981685161590576,154.91024780273438
135.0,63.0,4.981029033660889,154.93055725097656
145.0,63.0,4.980591773986816,154.944091796875
25.0,73.33333333333334,0.0,0.0
35.0,73.33333333333334,3.4886834621429443,218.10983276367188
45.0,73.33333333333334,3.946518898010254,194.2032012939453
55.0,73.33333333333334,4.271221160888672,179.85061645507812
65.0,73.33333333333334,4.270410060882568,179.8844757080078
75.0,73.33333333333334,4.278038501739502,179.913818359375
85.0,73.33333333333334,4.277390003204346,179.94090270996094
95.0,73.33333333333334,4.285018444061279,179.97024536132812
105.0,73.33333333333334,4.284424304962158,179.9950714111328
115.0,73.33333333333334,4.283884048461914,180.0176544189453
125.0,73.33333333333334,4.28345251083374,180.0356903076172
135.0,73.33333333333334,4.283182144165039,180.04698181152344
145.0,73.33333333333334,4.282966136932373,180.05599975585938
25.0,83.66666666666667,0.0,0.0
35.0,83.66666666666667,3.267350196838379,233.5751190185547
45.0,83.66666666666667,3.4593307971954346,221.20651245117188
55.0,83.66666666666667,3.7441139221191406,204.91513061523438
65.0,83.66666666666667,3.7518198490142822,204.94898986816406
75.0,83.66666666666667,3.7511959075927734,204.98284912109375
85.0,83.66666666666667,3.758943796157837,205.0144500732422
95.0,83.66666666666667,3.7584028244018555,205.04379272460938
105.0,83.66666666666667,3.757986307144165,205.0663604736328
115.0,83.66666666666667,3.757694721221924,205.08216857910156
125.0,83.66666666666667,3.757486343383789,205.09344482421875
135.0,83.66666666666667,3.7572782039642334,205.104736328125
145.0,83.66666666666667,3.7571113109588623,205.11375427246094
25.0,94.0,2.6669130325317383,282.9502868652344
35.0,94.0,3.0794243812561035,248.1082763671875
45.0,94.0,3.3331241607666016,229.89614868164062
55.0,94.0,3.3408596515655518,229.936767578125
65.0,94.0,3.340363025665283,229.9706268310547
75.0,94.0,3.3481645584106445,230.00674438476562
85.0,94.0,3.3476686477661133,230.0406036376953
95.0,94.0,3.3473050594329834,230.06541442871094
105.0,94.0,3.3470401763916016,230.08348083496094
115.0,94.0,3.346841812133789,230.09701538085938
125.0,94.0,3.3466761112213135,230.10830688476562
135.0,94.0,3.3548743724823,230.11732482910156
145.0,94.0,3.3547418117523193,230.12637329101562
25.0,104.33333333333334,2.51814341545105,300.8893127441406
35.0,104.33333333333334,2.7741644382476807,274.9784240722656
45.0,104.33333333333334,3.002725124359131,254.87489318847656
55.0,104.33333333333334,3.010544538497925,254.9177703857422
65.0,104.33333333333334,3.0100603103637695,254.9584197998047
75.0,104.33333333333334,3.0179600715637207,254.99452209472656
85.0,104.33333333333334,3.0176103115081787,255.02386474609375
95.0,104.33333333333334,3.0173678398132324,255.044189453125
105.0,104.33333333333334,3.0172061920166016,255.05772399902344
115.0,104.33333333333334,3.0170445442199707,255.07125854492188
125.0,104.33333333333334,3.025240659713745,255.08253479003906
135.0,104.33333333333334,3.0251591205596924,255.0893096923828
145.0,104.33333333333334,3.0250244140625,255.10060119628906
25.0,114.66666666666667,2.3824102878570557,318.51910400390625
35.0,114.66666666666667,2.7322661876678467,279.756591796875
45.0,114.66666666666667,2.7401058673858643,279.8062438964844
55.0,114.66666666666667,2.739659070968628,279.85137939453125
65.0,114.66666666666667,2.7475876808166504,279.8919982910156
75.0,114.66666666666667,2.747230052947998,279.9281311035156
85.0,114.66666666666667,2.7469842433929443,279.9529724121094
95.0,114.66666666666667,2.746849775314331,279.9665222167969
105.0,114.66666666666667,2.7466936111450195,279.9822998046875
115.0,114.66666666666667,2.754934310913086,279.9913330078125
125.0,114.66666666666667,2.7548000812530518,280.0048828125
135.0,114.66666666666667,2.7547101974487305,280.013916015625
145.0,114.66666666666667,2.7546207904815674,280.0229187011719
25.0,125.0,2.1847963333129883,346.6712951660156
35.0,125.0,2.50600528717041,304.63604736328125
45.0,125.0,2.5139217376708984,304.6856994628906
55.0,125.0,2.513526201248169,304.73309326171875
65.0,125.0,2.521498918533325,304.7759704589844
75.0,125.0,2.52121639251709,304.8098449707031
85.0,125.0,2.5210652351379395,304.827880859375
95.0,125.0,2.520951986312866,304.8414306640625
105.0,125.0,2.5291693210601807,304.8549499511719
115.0,125.0,2.5290563106536865,304.8684997558594
125.0,125.0,2.528980255126953,304.8775329589844
135.0,125.0,2.528904438018799,304.8865661621094
145.0,125.0,2.5288100242614746,304.8978576660156
